{
  "version": "7",
  "dialect": "mysql",
  "entries": [
    {
      "idx": 0,
      "version": "5",
      "when": 1768576201194,
      "tag": "0000_shallow_shocker",
      "breakpoints": true
    },
    {
      "idx": 1,
      "version": "5",
      "when": 1768576310890,
      "tag": "0001_nosy_payback",
      "breakpoints": true
    },
    {
      "idx": 2,
      "version": "5",
      "when": 1768577093121,
      "tag": "0002_fine_madripoor",
      "breakpoints": true
    },
    {
      "idx": 3,
      "version": "5",
      "when": 1768584874173,
      "tag": "0003_yummy_may_parker",
      "breakpoints": true
    },
    {
      "idx": 4,
      "version": "5",
      "when": 1768585856699,
      "tag": "0004_wandering_susan_delgado",
      "breakpoints": true
    }
  ]
}